<?xml version="1.0" encoding="UTF-8"?>
<project-private xmlns="http://www.netbeans.org/ns/project-private/1">
    <editor-bookmarks xmlns="http://www.netbeans.org/ns/editor-bookmarks/2" lastBookmarkId="0"/>
    <open-files xmlns="http://www.netbeans.org/ns/projectui-open-files/2">
        <group>
            <file>file:/C:/Users/Andre%20Rocha/Google%20Drive/Work/Docencia/2015-2016/IS/Prática/Trabalho%201/IS_trab1/trab1/ServerApp/src/serverapp/DeviceLib.java</file>
            <file>file:/C:/Users/Andre%20Rocha/Google%20Drive/Work/Docencia/2015-2016/IS/Prática/Trabalho%201/IS_trab1/trab1/ServerApp/src/serverapp/ServerApp.java</file>
            <file>file:/C:/Users/Andre%20Rocha/Google%20Drive/Work/Docencia/2015-2016/IS/Prática/Trabalho%201/IS_trab1/trab1/ServerApp/src/serverapp/Server.java</file>
        </group>
    </open-files>
</project-private>
